{
  "best_params": {
    "lr": 0.0008658108113380694,
    "latent_dim": 224
  },
  "best_val_loss": 0.07430278696119785,
  "train_loss": [
    0.08509141432137049,
    0.07595187187695704,
    0.0757601792071046,
    0.07575591465755671,
    0.07548739829985034,
    0.07532884562466324,
    0.07517436428480789,
    0.07517227636916297,
    0.0750107884782703,
    0.07493850557493563,
    0.07491013595536977,
    0.0748046920204363,
    0.07477612173607369,
    0.07471381384534996,
    0.0746253182281967,
    0.07457026751602397,
    0.0744633176246611,
    0.07442323794635404,
    0.07439964277153256,
    0.07432429818045191,
    0.07426819612248604,
    0.07422518104064364,
    0.0741982798115546,
    0.07414578871817148,
    0.07410570835115529,
    0.07408433845814537,
    0.07404936793722025,
    0.07403681126712751,
    0.07401692247440834,
    0.07401688666153355,
    0.07400653229541138,
    0.07395484586473272,
    0.07394927376959504,
    0.07392990432617043,
    0.07391666414357033,
    0.07389324865922206,
    0.07387649919055089,
    0.07384981528049757,
    0.07386162570294212
  ],
  "val_loss": [
    0.076331288786605,
    0.07588800857774913,
    0.07580101792700589,
    0.07568549807183444,
    0.07547672744840384,
    0.07527343393303454,
    0.07516167592257261,
    0.07510205172002316,
    0.07504851813428104,
    0.0749810659326613,
    0.07493404624983668,
    0.07487646909430623,
    0.07494597532786429,
    0.07480439823120832,
    0.07470273249782622,
    0.07462997129186988,
    0.0745884373318404,
    0.07457027095369995,
    0.07449631905183196,
    0.07448595785535872,
    0.07442818838171661,
    0.07441217126324773,
    0.07439975184388459,
    0.07446474954485893,
    0.07437708252109587,
    0.07434710604138672,
    0.07433233922347426,
    0.07431416446343064,
    0.0743192418012768,
    0.07438205601647496,
    0.07431903877295554,
    0.07431231415830553,
    0.07433935790322721,
    0.07430278696119785,
    0.07431828160770237,
    0.07435551704838872,
    0.07431584666483104,
    0.0743377236649394,
    0.07436292571946979
  ],
  "loss_function": "l1",
  "search_method": "optuna"
}